sequence,length,sense,start,end,distance,percent cds,repeat bases,No of offtarget,off targets,no of match nucleaotides,gc content,score
TATAAGGTGAGGTTGCATGTGGG,23,True,168929,168952,8854,0.2608695652173913,False,2,"['NG_015834', 'NG_016355']","[13, 13]",47.82608695652174,0.1473173510376052
AGGTGAGGTTGCATGTGGGATGG,23,True,168933,168956,8854,0.08695652173913043,False,3,"['NG_016355', 'NG_029720', 'NG_029221']","[14, 17, 13]",56.52173913043478,0.032737189119467824
GGTGAGGTTGCATGTGGGATGGG,23,True,168934,168957,8854,0.043478260869565216,False,4,"['NG_016355', 'NG_032759', 'NG_029720', 'NG_029221']","[14, 13, 17, 13]",60.869565217391305,0.012276445919800434
TTTCAGACTCTGCACAGCACCGG,23,True,169146,169169,9014,1.0,False,7,"['NG_030336', 'NG_028080', 'NG_052669', 'NG_050917', 'NG_050616', 'NG_042293', 'NG_042269']","[15, 14, 13, 13, 13, 13, 13]",56.52173913043478,0.15848362864116136
TTCAGACTCTGCACAGCACCGGG,23,True,169147,169170,9014,1.0,False,6,"['NG_030336', 'NG_028080', 'NG_052669', 'NG_050917', 'NG_042293', 'NG_042269']","[15, 14, 13, 13, 13, 13]",60.869565217391305,0.1848975667480216
CAGCACCGGGCAGTCGTCCATGG,23,True,169160,169183,9014,1.0,False,6,"['NG_033874', 'NG_047164', 'NG_030370', 'NG_051965', 'NG_033836', 'NG_011516']","[20, 13, 13, 12, 12, 12]",69.56521739130434,0.1848975667480216
CCGGGCAGTCGTCCATGGTCCGG,23,True,169165,169188,9014,1.0,False,-1,0,0,73.91304347826087,0
CGGGCAGTCGTCCATGGTCCGGG,23,True,169166,169189,9014,1.0,False,-1,0,0,73.91304347826087,0
AGTCGTCCATGGTCCGGGACTGG,23,True,169171,169194,9014,1.0,False,13,"['NG_047137', 'NG_047072', 'NG_051250', 'NG_008434', 'NG_047117', 'NG_012742', 'NG_033256', 'NG_032989', 'NG_021347', 'NG_013017', 'NG_016754', 'NG_011883', 'NG_053014']","[15, 15, 13, 17, 12, 12, 12, 12, 16, 12, 15, 10, 11]",65.21739130434783,0.0853373384990869
GTCGTCCATGGTCCGGGACTGGG,23,True,169172,169195,9014,1.0,False,11,"['NG_047137', 'NG_047072', 'NG_051250', 'NG_047117', 'NG_008434', 'NG_012742', 'NG_033256', 'NG_032989', 'NG_021347', 'NG_013017', 'NG_008054']","[15, 15, 13, 13, 17, 12, 12, 12, 16, 12, 16]",69.56521739130434,0.1008532182261936
CATGACCCAGTCCCGGACCATGG,23,False,169200,169177,9014,1.0,False,11,"['NG_047137', 'NG_047072', 'NG_027827', 'NG_011970', 'NG_051250', 'NG_047117', 'NG_029041', 'NG_053176', 'NG_051598', 'NG_012742', 'NG_032989']","[15, 15, 14, 13, 13, 13, 17, 12, 12, 12, 12]",65.21739130434783,0.1008532182261936
GGGACAGCATGACCCAGTCCCGG,23,False,169207,169184,9014,1.0,False,6,"['NG_027827', 'NG_011970', 'NG_053094', 'NG_046913', 'NG_016225', 'NG_032690']","[14, 13, 13, 13, 12, 12]",69.56521739130434,0.1848975667480216
CCCTCTCCAACTTCACGCAGAGG,23,True,169204,169227,9014,1.0,False,5,"['NG_027982', 'NG_029694', 'NG_009110', 'NG_008076', 'NG_011882']","[14, 14, 14, 13, 13]",60.869565217391305,0.2218770800976259
CCTCTCCAACTTCACGCAGAGGG,23,True,169205,169228,9014,1.0,False,6,"['NG_027982', 'NG_009110', 'NG_008076', 'NG_007065', 'NG_050918', 'NG_029694']","[14, 14, 13, 13, 13, 13]",60.869565217391305,0.1848975667480216
CGGGGCCCTCTGCGTGAAGTTGG,23,False,169233,169210,9014,1.0,True,-1,0,0,69.56521739130434,0
CAACTTCACGCAGAGGGCCCCGG,23,True,169211,169234,9014,1.0,False,7,"['NG_011791', 'NG_032935', 'NG_023258', 'NG_022913', 'NG_008675', 'NG_029670', 'NG_053178']","[14, 13, 13, 13, 13, 12, 12]",69.56521739130434,0.15848362864116136
GCAGAGGGCCCCGGTCGCCATGG,23,True,169220,169243,9014,1.0,False,-1,0,0,78.26086956521739,0
CCCCGGTCGCCATGGCCACGTGG,23,True,169228,169251,9014,1.0,False,-1,0,0,78.26086956521739,0
TCCACGTGGCCATGGCGACCGGG,23,False,169252,169229,9014,1.0,False,-1,0,0,73.91304347826087,0
CTCCACGTGGCCATGGCGACCGG,23,False,169253,169230,9014,1.0,False,-1,0,0,73.91304347826087,0
GGAGAGGCTCCACGTGGCCATGG,23,False,169260,169237,9014,1.0,False,4,"['NG_052951', 'NG_012052', 'NG_023261', 'NG_009634']","[14, 14, 13, 13]",69.56521739130434,0.2773463501220324
GAAGCAGGAGAGGCTCCACGTGG,23,False,169266,169243,9014,1.0,False,2,"['NG_033919', 'NG_012052']","[14, 14]",65.21739130434783,0.5546927002440648
CGCTGACAAAGAAGCAGGAGAGG,23,False,169276,169253,9014,1.0,False,7,"['NG_051336', 'NG_047178', 'NG_050966', 'NG_047111', 'NG_047057', 'NG_042164', 'NG_008019']","[15, 19, 18, 14, 14, 14, 13]",56.52173913043478,0.15848362864116136
GGACGCGCTGACAAAGAAGCAGG,23,False,169281,169258,9014,1.0,False,2,"['NG_052811', 'NG_047178']","[13, 13]",60.869565217391305,0.5546927002440648
TCAGCGCGTCCACCAGCCCGTGG,23,True,169270,169293,9014,1.0,False,-1,0,0,73.91304347826087,0
CAGCGCGTCCACCAGCCCGTGGG,23,True,169271,169294,9014,1.0,False,-1,0,0,78.26086956521739,0
GTCCACCAGCCCGTGGGTCGCGG,23,True,169277,169300,9014,1.0,False,-1,0,0,78.26086956521739,0
CATCGCCGCGACCCACGGGCTGG,23,False,169305,169282,9014,0.9565217391304348,False,-1,0,0,78.26086956521739,0
GATACATCGCCGCGACCCACGGG,23,False,169309,169286,9014,0.782608695652174,False,10,"['NG_053045', 'NG_051202', 'NG_008040', 'NG_012494', 'NG_033887', 'NG_046942', 'NG_023402', 'NG_012187', 'NG_008013', 'NG_007568']","[17, 12, 12, 11, 10, 11, 11, 11, 11, 11]",69.56521739130434,0.08682146612515798
GGATACATCGCCGCGACCCACGG,23,False,169310,169287,9014,0.7391304347826086,False,10,"['NG_053045', 'NG_051202', 'NG_008040', 'NG_012494', 'NG_033887', 'NG_046942', 'NG_023402', 'NG_012187', 'NG_007568', 'NG_011572']","[17, 12, 12, 11, 10, 11, 11, 11, 11, 10]",69.56521739130434,0.08199805134042695
TCGCGGCGATGTATCCTCTCTGG,23,True,169294,169317,9014,0.43478260869565216,False,1,['NG_029491'],[13],60.869565217391305,0.4823414784730998
CGCGGCGATGTATCCTCTCTGGG,23,True,169295,169318,9014,0.391304347826087,False,1,['NG_029491'],[13],65.21739130434783,0.4341073306257899
ATGTATCCTCTCTGGGTCCCTGG,23,True,169302,169325,9014,0.08695652173913043,False,2,"['NG_012236', 'NG_033004']","[18, 13]",56.52173913043478,0.048234147847309984
TCCTGCTGATGACATGTGGGAGG,23,False,170194,170171,9227,0.9565217391304348,False,3,"['NG_042810', 'NG_033898', 'NG_028243']","[17, 13, 13]",56.52173913043478,0.34555172830838293
CCCACATGTCATCAGCAGGATGG,23,True,170174,170197,9227,1.0,False,2,"['NG_042834', 'NG_042810']","[13, 17]",56.52173913043478,0.5418879375745096
CCACATGTCATCAGCAGGATGGG,23,True,170175,170198,9227,1.0,False,3,"['NG_042834', 'NG_042810', 'NG_033833']","[13, 17, 13]",56.52173913043478,0.36125862504967304
CATCAGCAGGATGGGCAAGCTGG,23,True,170183,170206,9227,1.0,False,3,"['NG_033833', 'NG_029875', 'NG_029500']","[16, 18, 13]",60.869565217391305,0.36125862504967304
CAGGATGGGCAAGCTGGAGCAGG,23,True,170189,170212,9227,1.0,False,9,"['NG_012492', 'NG_023346', 'NG_013068', 'NG_009086', 'NG_021341', 'NG_055288', 'NG_047185', 'NG_047113', 'NG_042824']","[17, 16, 14, 13, 13, 13, 4, 13, 13]",65.21739130434783,0.12041954168322436
GATGGGCAAGCTGGAGCAGGTGG,23,True,170192,170215,9227,1.0,False,13,"['NG_012492', 'NG_023346', 'NG_013068', 'NG_034143', 'NG_011634', 'NG_042054', 'NG_027669', 'NG_012218', 'NG_012149', 'NG_007871', 'NG_009086', 'NG_021341', 'NG_055288']","[18, 16, 12, 14, 10, 14, 14, 18, 14, 14, 13, 13, 13]",65.21739130434783,0.08336737501146302
GGACGTGAACCTTTTCTGCCTGG,23,True,170213,170236,9227,1.0,True,-1,0,0,56.52173913043478,0
CTGTGGCGACCAGGCAGAAAAGG,23,False,170245,170222,9227,1.0,False,4,"['NG_052995', 'NG_046960', 'NG_029578', 'NG_027670']","[13, 13, 13, 13]",60.869565217391305,0.2709439687872548
TGTAGAAGTCTGTGGCGACCAGG,23,False,170254,170231,9227,1.0,False,0,[],[],56.52173913043478,10.837758751490192
CTGGTGTCTGTAGAAGTCTGTGG,23,False,170262,170239,9227,1.0,False,2,"['NG_032122', 'NG_015812']","[5, 13]",52.17391304347826,0.5418879375745096
CTTCTACAGACACCAGATAGAGG,23,True,170246,170269,9227,1.0,False,5,"['NG_032122', 'NG_011812', 'NG_015812', 'NG_054636', 'NG_016775']","[5, 13, 13, 13, 13]",47.82608695652174,0.21675517502980385
CTACAGACACCAGATAGAGGAGG,23,True,170249,170272,9227,1.0,False,5,"['NG_008776', 'NG_011812', 'NG_054730', 'NG_054636', 'NG_016775']","[13, 13, 13, 13, 13]",52.17391304347826,0.21675517502980385
GGTCGAGCTCCTCCTCTATCTGG,23,False,170281,170258,9227,1.0,False,2,"['NG_054730', 'NG_027746']","[14, 13]",60.869565217391305,0.5418879375745096
TAGAGGAGGAGCTCGACCGCAGG,23,True,170263,170286,9227,1.0,False,9,"['NG_029663', 'NG_032754', 'NG_034123', 'NG_027746', 'NG_021467', 'NG_011945', 'NG_051764', 'NG_051566', 'NG_051239']","[14, 13, 13, 13, 12, 16, 12, 12, 12]",65.21739130434783,0.12041954168322436
AGAGGAGGAGCTCGACCGCAGGG,23,True,170264,170287,9227,1.0,False,9,"['NG_029663', 'NG_032754', 'NG_034123', 'NG_027746', 'NG_011945', 'NG_051764', 'NG_051566', 'NG_051239', 'NG_011884']","[14, 13, 13, 13, 16, 12, 12, 12, 12]",69.56521739130434,0.12041954168322436
GCACAGACTGGAAGGCCCTGCGG,23,False,170302,170279,9227,1.0,False,4,"['NG_007491', 'NG_041803', 'NG_021310', 'NG_030583']","[13, 12, 13, 13]",69.56521739130434,0.2709439687872548
GGCCTTCCAGTCTGTGCTTGAGG,23,True,170285,170308,9227,1.0,False,3,"['NG_033220', 'NG_007491', 'NG_050748']","[16, 14, 14]",60.869565217391305,0.36125862504967304
CACCTCAAGCACAGACTGGAAGG,23,False,170310,170287,9227,1.0,False,4,"['NG_033220', 'NG_050748', 'NG_007491', 'NG_052966']","[16, 15, 14, 10]",56.52173913043478,0.2709439687872548
CTTCCAGTCTGTGCTTGAGGTGG,23,True,170288,170311,9227,1.0,False,3,"['NG_033220', 'NG_050748', 'NG_007491']","[16, 15, 14]",56.52173913043478,0.36125862504967304
CAACCACCTCAAGCACAGACTGG,23,False,170314,170291,9227,1.0,False,4,"['NG_050748', 'NG_033220', 'NG_052966', 'NG_011470']","[15, 14, 10, 13]",56.52173913043478,0.2709439687872548
CTTGAGGTGGTTGCAGCCCCAGG,23,True,170301,170324,9227,1.0,False,2,"['NG_051040', 'NG_033236']","[13, 13]",65.21739130434783,0.5418879375745096
CCCCAGGAAGCCCATATCACCGG,23,True,170317,170340,9227,1.0,False,8,"['NG_016245', 'NG_029764', 'NG_029485', 'NG_055257', 'NG_054718', 'NG_015863', 'NG_009214', 'NG_016265']","[14, 13, 13, 13, 13, 13, 13, 13]",65.21739130434783,0.1354719843936274
GCCGGTGATATGGGCTTCCTGGG,23,False,170341,170318,9227,1.0,False,8,"['NG_029764', 'NG_015863', 'NG_009214', 'NG_016245', 'NG_032966', 'NG_023234', 'NG_007524', 'NG_029485']","[13, 13, 13, 13, 13, 13, 12, 12]",65.21739130434783,0.1354719843936274
AGCCGGTGATATGGGCTTCCTGG,23,False,170342,170319,9227,1.0,False,4,"['NG_029764', 'NG_015863', 'NG_007524', 'NG_009214']","[13, 13, 12, 12]",60.869565217391305,0.2709439687872548
AAGTCAGCAGCCGGTGATATGGG,23,False,170350,170327,9227,1.0,False,10,"['NG_053181', 'NG_051007', 'NG_047086', 'NG_032093', 'NG_007853', 'NG_034198', 'NG_034039', 'NG_032947', 'NG_029513', 'NG_016364']","[8, 12, 12, 8, 16, 12, 12, 12, 12, 12]",56.52173913043478,0.10837758751490192
CAAGTCAGCAGCCGGTGATATGG,23,False,170351,170328,9227,1.0,False,7,"['NG_047086', 'NG_053181', 'NG_051007', 'NG_032093', 'NG_034198', 'NG_034039', 'NG_032947']","[13, 8, 12, 8, 12, 12, 12]",56.52173913043478,0.15482512502128845
TTCGTAAACAAGTCAGCAGCCGG,23,False,170359,170336,9227,1.0,False,3,"['NG_033242', 'NG_047086', 'NG_008693']","[14, 13, 13]",52.17391304347826,0.36125862504967304
TTGTTTACGAAATGTCCACAAGG,23,True,170348,170371,9227,1.0,False,2,"['NG_046921', 'NG_012204']","[13, 12]",39.130434782608695,0.5418879375745096
CTCAGCAGGTGGTGACCTTGTGG,23,False,170386,170363,9227,0.9565217391304348,False,4,"['NG_029574', 'NG_021190', 'NG_046804', 'NG_009205']","[13, 13, 13, 17]",60.869565217391305,0.2591637962312872
TCACCACCTGCTGAGCGCCATGG,23,True,170371,170394,9227,0.6086956521739131,False,6,"['NG_012135', 'NG_008018', 'NG_052948', 'NG_021190', 'NG_042093', 'NG_015964']","[16, 14, 13, 13, 13, 13]",65.21739130434783,0.10994827718903094
CCACCTGCTGAGCGCCATGGTGG,23,True,170374,170397,9227,0.4782608695652174,False,9,"['NG_012135', 'NG_029458', 'NG_011883', 'NG_052948', 'NG_016269', 'NG_015964', 'NG_011643', 'NG_008018', 'NG_011970']","[15, 13, 14, 13, 17, 13, 13, 13, 12]",69.56521739130434,0.057591954718063824
CACCTGCTGAGCGCCATGGTGGG,23,True,170375,170398,9227,0.43478260869565216,False,12,"['NG_012135', 'NG_033035', 'NG_029458', 'NG_011883', 'NG_052948', 'NG_050660', 'NG_016269', 'NG_011643', 'NG_033864', 'NG_011970', 'NG_052959', 'NG_052669']","[14, 13, 13, 14, 13, 13, 17, 13, 12, 12, 13, 12]",69.56521739130434,0.03926724185322534
CTCCCACCATGGCGCTCAGCAGG,23,False,170400,170377,9227,0.34782608695652173,False,8,"['NG_011883', 'NG_052948', 'NG_050660', 'NG_033035', 'NG_029458', 'NG_016269', 'NG_011643', 'NG_033864']","[14, 13, 13, 13, 13, 17, 13, 12]",69.56521739130434,0.0471206902238704
